treatment,mean.vol.mm3
Ambient,0.027074647280883938
High,0.029425167670771465
