treatment,mean.vol.mm3
Ambient,0.08106394646666666
High,0.08914485582500001
