treatment,mean.vol.mm3,se.size
Ambient,0.039684355188515,0.0015334957583870831
High,0.04757210883006917,0.001342726201927596
