Temperature,N,Mean_R,SE_R,Mean_P,SE_P,Mean_GP,SE_GP,Mean_PR,SE_PR
27,51,-0.06500077879093387,0.005608734054874179,0.037923856210810666,0.004418046163403039,0.10292463500174459,0.008875931026389533,1.5659255567967836,0.07357853563853586
31,57,-0.0799892315635554,0.003916958896948746,0.040040796974296064,0.004067016936955076,0.12003002853785144,0.006426787294969127,1.5183852690385158,0.061421741772243535
