N,Mean_R,SE_R,Mean_P,SE_P,Mean_GP,SE_GP,Mean_PR,SE_PR
81,-0.020763199908381637,9.636092810332836e-4,0.020780362531391375,7.801849225847956e-4,0.04154356243977303,0.0014211747953635494,2.121300241505211,0.05577857526563985
